Tau,ARL,SDRL,MRL,L,Phi,k,Delta,Parameter_string
1,52.3762,40.18643394928194,42.0,2.31722,0.1,,0.25,"phi=0.1,k=-0.05"
1,62.2735,48.206168669061434,50.0,2.68838,0.25,,0.25,"phi=0.25,k=-0.125"
10,57.4265,41.68920241201551,48.0,2.31722,0.1,,0.25,"phi=0.1,k=-0.05"
10,65.9425,51.06074807276133,53.0,2.68838,0.25,,0.25,"phi=0.25,k=-0.125"
100,65.054,50.6563765383984,56.0,2.31722,0.1,,0.25,"phi=0.1,k=-0.05"
100,78.388,63.36897392257508,64.0,2.68838,0.25,,0.25,"phi=0.25,k=-0.125"
