ARL,SDRL,MRL,L,Phi,Phi2,Delta,Parameter_string
208.6895,154.85951210613445,175.0,2.516,0.1,0.01,0.0,"phi=0.1,phi2=0.01"
205.40485,155.2386019857094,171.0,2.54,0.1,0.05,0.0,"phi=0.1,phi2=0.05"
