ARL,SDRL,MRL,L,Phi,k,Delta
19.44,103.43957173151867,1.0,3.0,0.1,1.0,0.0
2.9605,15.370248525967302,1.0,2.54,0.1,2.0,0.0
3.546,20.216455772464172,1.0,2.6,0.1,3.0,0.0
5.8664,41.16416343180072,1.0,2.772,0.1,4.0,0.0
