Parm,Delta,ARL,SDRL,MRL,Phi
0.0,0.0,200.0,0.0,200.0,0.25
0.0,0.5,93.0,0.0,93.0,0.25
0.0,1.5,5.0,0.0,5.0,0.25
0.0,3.0,1.0,0.0,1.0,0.25
1.0,0.5,200.0,0.0,200.0,0.25
1.0,1.5,9.0,0.0,9.0,0.25
1.0,3.0,4.0,0.0,4.0,0.25
2.0,0.5,93.0,0.0,93.0,0.25
2.0,1.5,5.0,0.0,5.0,0.25
2.0,3.0,1.0,0.0,1.0,0.25
3.0,0.5,21.01,6.805137764953771,20.0,0.25
3.0,1.5,1.03,0.22158519806160337,1.0,0.25
3.0,3.0,1.0,0.0,1.0,0.25
