Parm,Delta,ARL,SDRL,MRL,Phi
0.0,0.0,163.23,86.88979859569247,220.0,0.25
0.0,0.5,45.16,63.00217774013848,1.0,0.25
0.0,1.5,1.93,4.821317247392044,1.0,0.25
0.0,3.0,1.0,0.0,1.0,0.25
1.0,0.5,1.0,0.0,1.0,0.25
1.0,1.5,1.0,0.0,1.0,0.25
1.0,3.0,1.0,0.0,1.0,0.25
2.0,0.5,1.0,0.0,1.0,0.25
2.0,1.5,1.0,0.0,1.0,0.25
2.0,3.0,1.0,0.0,1.0,0.25
3.0,0.5,1.04,0.39799497484264795,1.0,0.25
3.0,1.5,1.0,0.0,1.0,0.25
3.0,3.0,1.0,0.0,1.0,0.25
