t,Parm,Delta,B0,B1,B2,S2,T2,OOC
1,-1,0,3.08634148753411,2.0032024351376,4.989674390806714,0.44252016918693665,-0.006920771478891041,False
2,-1,0,2.8638756647081927,2.2277638826012556,4.998524315375883,0.19602875748058035,9.307979654287747,False
3,-1,0,3.0502078239195285,2.0660626657253762,4.990007761942045,0.43475800391560593,0.34704427720047726,False
4,-1,0,2.6291438098912074,2.154000865210341,5.037999129014969,1.9207372217627328,0.2680529540228333,False
5,-1,0,2.9903663067288875,2.0821936411599333,5.024909981419249,0.6940875028296472,0.09125906675978673,False
6,1,3,5.59640470754961,4.982143718152968,8.030909202261974,1.0252512147472226,2.138510817249177,False
7,2,2,5.584698719960464,4.925898203856464,7.042252480972007,0.9080771651076593,16.420799066411654,True
8,3,1,2.389990802915168,2.8400031793864216,5.050951653293266,14.067528091509578,28.274788965567296,True
