t,Parm,Delta,B0,B1,B2,S2,T2,OOC
1,-1,0,5.344675036914259,0.0,4.992036914668233,1.0835235586521141,-10.820112405827718,False
2,-1,0,5.350818112338641,0.0,5.070771129415136,0.6854696362128448,12633.674118711724,True
3,-1,0,4.76861238877897,0.0,5.0141963421238485,0.9223986804003522,368.41564218472223,True
4,-1,0,4.98911015861407,0.0,4.949730375581907,1.0275162005202214,790.0119666932527,True
5,-1,0,4.864761236597991,0.0,5.016342812959076,0.7082896689457054,1232.8853596967751,True
6,1,3,8.816862840675025,0.0,5.08648195595154,1.0459062525194007,1861.3935146341773,True
7,2,2,8.825741311168246,0.0,7.012569083716899,1.0697903230337515,4197.179192662745,True
8,3,1,3.8209138799350617,0.0,4.605764406577787,10.353875761010853,5722.495357027652,True
