t,Parm,Delta,B0,B1,B2,S2
1,-1,0,3.08634148753411,2.0032024351376,4.989674390806714,0.44252016918693665
2,-1,0,2.8638756647081927,2.2277638826012556,4.998524315375883,0.19602875748058035
3,-1,0,3.0502078239195285,2.0660626657253762,4.990007761942045,0.43475800391560593
4,-1,0,2.6291438098912074,2.154000865210341,5.037999129014969,1.9207372217627328
5,-1,0,2.9903663067288875,2.0821936411599333,5.024909981419249,0.6940875028296472
6,1.0,3.0,5.791633781907649,5.154497419886806,5.039809417346962,0.7602910897859954
7,2.0,1.5,6.220959823972386,5.058925297055725,6.479941841029717,1.1486422072827247
8,3.0,0.5,3.46127638027027,1.7923400203980955,4.84289221421082,7.057850165511873
