Parm,Delta,ARL,SDRL,MRL,Phi
0.0,0.0,220.0,0.0,220.0,0.25
0.0,0.25,220.0,0.0,220.0,0.25
0.0,1.0,87.87,106.5519267775107,1.0,0.25
0.0,3.0,1.0,0.0,1.0,0.25
1.0,0.25,1.0,0.0,1.0,0.25
1.0,1.0,1.0,0.0,1.0,0.25
1.0,3.0,1.0,0.0,1.0,0.25
2.0,0.25,1.0,0.0,1.0,0.25
2.0,1.0,1.0,0.0,1.0,0.25
2.0,3.0,1.0,0.0,1.0,0.25
3.0,0.25,1.26,1.480675521510368,1.0,0.25
3.0,1.0,1.0,0.0,1.0,0.25
3.0,3.0,1.0,0.0,1.0,0.25
