t,Parm,Delta,B0,B1,B2,S2,T2,OOC
1,-1,0,4.942835814405759,0.0,4.929075656527802,0.2904249611996722,-9.784293875054429,False
2,-1,0,5.377636809841585,0.0,4.986944770977303,0.7652480555133642,11442.640093475386,True
3,-1,0,5.290638754657349,0.0,5.1510047271071135,1.1158366038180365,352.45680585646505,True
4,-1,0,5.003789518494807,0.0,4.841659710917311,0.6809931040581318,805.8866722091549,True
5,-1,0,5.660755544359671,0.0,5.225596685284966,0.8959163615885334,1253.768676316769,True
6,1,3,11.11639596081375,0.0,8.123529633420143,0.9493480657599084,4088.4042924283985,True
7,2,2,10.899524085424193,0.0,6.798338057413652,1.046975735779668,13408.742277786127,True
8,3,1,6.982142340339059,0.0,5.8055881886660865,15.905251643116651,12650.058990665999,True
