Parm,Delta,ARL,SDRL,MRL,Phi
0.0,0.0,220.0,0.0,220.0,0.25
0.0,0.25,220.0,0.0,220.0,0.25
0.0,1.0,97.36,108.7087411388799,1.0,0.25
0.0,3.0,1.0,0.0,1.0,0.25
1.0,0.25,1.0,0.0,1.0,0.25
1.0,1.0,1.0,0.0,1.0,0.25
1.0,3.0,1.0,0.0,1.0,0.25
2.0,0.25,1.0,0.0,1.0,0.25
2.0,1.0,1.0,0.0,1.0,0.25
2.0,3.0,1.0,0.0,1.0,0.25
3.0,0.25,1.37,2.2523543238131967,1.0,0.25
3.0,1.0,1.0,0.0,1.0,0.25
3.0,3.0,1.0,0.0,1.0,0.25
