t,Parm,Delta,B0,B1,B2,S2,T2,OOC
1,-1,0,3.2023361552176013,2.234963035623025,5.031443853730415,1.410405750472208,-0.005773242255989218,False
2,-1,0,2.5679360203350967,2.04223786178054,5.012650109866808,0.5962534044354489,2.658341081967947,False
3,-1,0,3.392167472963184,2.015873361874867,4.9284639099645435,1.0220146976828375,0.015222238981124871,False
4,-1,0,2.462525859572608,1.8674615819912723,5.061339190262185,0.5829456850385653,0.009251145000665796,False
5,-1,0,3.252588136367727,2.0968014399119808,4.998158369868551,0.6307716273958376,0.11906256629910413,False
6,1,3.0,5.809615772804015,5.113929848896113,5.0279743467017965,0.8833944639855742,101.80542492796312,True
7,2,1.0,5.8129842037033015,4.933694170588841,6.036850851114211,0.8221101404158275,97.00791499082,True
8,3,0.25,1.403111939426985,2.0135442117848603,5.160105672630633,6.711106657491725,31.470482184764336,True
