t,Parm,Delta,B0,B1,B2,S2
1.0,-1.0,0.0,-0.011523873307742516,-0.07569967063852534,-0.02441720074571485,-1.6311904650960223
2.0,-1.0,0.0,0.48826569513925344,0.14011706440026828,-0.07344738059707367,-2.542233564036978
3.0,-1.0,0.0,-1.005478816102984,0.1826973036413726,0.1264819870375078,-2.4679132813041385
4.0,-1.0,0.0,0.223957364777287,-0.07203883242146425,-0.05045738804542754,-1.4716614155278
5.0,-1.0,0.0,-0.011523873307742516,-0.07569967063852534,-0.02441720074571485,-1.6311904650960223
6.0,3.0,3.0,-0.2799297063030517,0.48636424182411186,-0.215283017143296,4.343866659889775
7.0,0.0,1.0,1.0038542610481862,-0.13928675527708378,-0.048928011680583694,-2.3755780322244586
8.0,1.0,1.75,-0.1525391947246355,0.2875751953309318,0.018095287348585565,-0.5401350750635182