{"0.1": {"0.01": 2.50028, "0.05": 2.52412, "0.09": 2.58375}, "0.25": {"0.05": 2.772, "0.1": 2.75437, "0.2": 2.74474}, "0.5": {"0.1": 2.804, "0.2": 2.803, "0.4": 2.794}, "0.9": {"0.2": 2.804, "0.5": 2.809, "0.8": 2.801}}