{
    "p=2": {
        "0.1": {
            "0.01": 8.775,
            "0.05": 8.875,
            "0.09": 9.0
        },
        "0.25": {
            "0.05": 10.0,
            "0.1": 10.093359,
            "0.2": 10.125
        },
        "0.5": {
            "0.1": 2.804,
            "0.2": 2.803,
            "0.4": 2.794
        },
        "0.9": {
            "0.2": 2.804,
            "0.5": 2.809,
            "0.8": 2.801
        }
    },
    "p=3": {
        "0.1": {
            "0.01": 10.93125,
            "0.05": 11.0,
            "0.09": 11.0
        },
        "0.25": {
            "0.05": 12.23203,
            "0.1": 12.35156,
            "0.2": 12.75
        },
        "0.5": {
            "0.1": 2.804,
            "0.2": 2.803,
            "0.4": 2.794
        },
        "0.9": {
            "0.2": 2.804,
            "0.5": 2.809,
            "0.8": 2.801
        }
    },
    "p=4": {
        "0.1": {
            "0.01": 12.96,
            "0.05": 13.04,
            "0.09": 12.8
        },
        "0.25": {
            "0.05": 13.9,
            "0.1": 14.3778,
            "0.2": 13.9
        },
        "0.5": {
            "0.1": 2.804,
            "0.2": 2.803,
            "0.4": 2.794
        },
        "0.9": {
            "0.2": 2.804,
            "0.5": 2.809,
            "0.8": 2.801
        }
    }
}