{"p=2": {"0.1": {"0.01": 7.8, "0.05": 8.1, "0.09": 8.5}, "0.25": {"0.05": 10.0, "0.1": 10.0, "0.2": 10.29688}, "0.5": {"0.1": 2.804, "0.2": 2.803, "0.4": 2.794}, "0.9": {"0.2": 2.804, "0.5": 2.809, "0.8": 2.801}}, "p=3": {"0.1": {"0.01": 9.0, "0.05": 9.4, "0.09": 10}, "0.25": {"0.05": 12.1, "0.1": 12.1, "0.2": 12.1}, "0.5": {"0.1": 2.804, "0.2": 2.803, "0.4": 2.794}, "0.9": {"0.2": 2.804, "0.5": 2.809, "0.8": 2.801}}, "p=4": {"0.1": {"0.01": 12.84562, "0.05": 13.095, "0.09": 13.44062}, "0.25": {"0.05": 14.49922, "0.1": 14.5425, "0.2": 14.2}, "0.5": {"0.1": 2.804, "0.2": 2.803, "0.4": 2.794}, "0.9": {"0.2": 2.804, "0.5": 2.809, "0.8": 2.801}}}