{
    "p=2": {
        "0.1": 8.775,
        "0.25": 9.9
    },
    "p=3": {
        "0.1": 11.0,
        "0.25": 12.21656
    },
    "p=4": {
        "0.1": 12.93906,
        "0.25": 14.20377
    }
}