{"p=2": {"0.1": 7.65, "0.25": 9.9, "0.5": 0, "0.9": 0}, "p=3": {"0.1": 9.0, "0.25": 12.0, "0.5": 0, "0.9": 0}, "p=4": {"0.1": 12.84047, "0.25": 14.53484, "0.5": 0, "0.9": 0}}