{
    "p=2": {
        "0.1": {
            "0.01": 8.775,
            "0.05": 8.960625,
            "0.09": 9.296875
        },
        "0.25": {
            "0.05": 10.296875,
            "0.1": 10.3125,
            "0.2": 10.29688
        },
        "0.5": {
            "0.1": 2.804,
            "0.2": 2.803,
            "0.4": 2.794
        },
        "0.9": {
            "0.2": 2.804,
            "0.5": 2.809,
            "0.8": 2.801
        }
    },
    "p=3": {
        "0.1": {
            "0.01": 10.85625,
            "0.05": 11.1625,
            "0.09": 11.484375
        },
        "0.25": {
            "0.05": 12.55375,
            "0.1": 12.478125,
            "0.2": 12.55375
        },
        "0.5": {
            "0.1": 2.804,
            "0.2": 2.803,
            "0.4": 2.794
        },
        "0.9": {
            "0.2": 2.804,
            "0.5": 2.809,
            "0.8": 2.801
        }
    },
    "p=4": {
        "0.1": {
            "0.01": 12.84562,
            "0.05": 13.095,
            "0.09": 13.44062
        },
        "0.25": {
            "0.05": 14.49922,
            "0.1": 14.5425,
            "0.2": 14.53281
        },
        "0.5": {
            "0.1": 2.804,
            "0.2": 2.803,
            "0.4": 2.794
        },
        "0.9": {
            "0.2": 2.804,
            "0.5": 2.809,
            "0.8": 2.801
        }
    }
}