{
    "p=2": {
        "0.1": 8.775,
        "0.25": 9.9,
        "0.5": 2.807,
        "0.9": 2.75
    },
    "p=3": {
        "0.1": 11.0,
        "0.25": 12.21656,
        "0.5": 2.807,
        "0.9": 2.75
    },
    "p=4": {
        "0.1": 12.93906,
        "0.25": 14.20377,
        "0.5": 2.807,
        "0.9": 2.75
    }
}