{"p=2": {"0.1": 7.8275, "0.25": 9.245}, "p=3": {"0.1": 9.83094, "0.25": 12.10594}, "p=4": {"0.1": 8.325, "0.25": 12.675}}