{
    "p=2": {
        "0.1": 7.8275,
        "0.25": 9.88059
    },
    "p=3": {
        "0.1": 9.83094,
        "0.25": 12.10594
    },
    "p=4": {
        "0.1": 11.67125,
        "0.25": 14.10093
    }
}