{
    "p=2": {
        "0.1": 8.7975,
        "0.25": 10.3021875,
        "0.5": 0,
        "0.9": 0
    },
    "p=3": {
        "0.1": 10.940625,
        "0.25": 12.5625,
        "0.5": 0,
        "0.9": 0
    },
    "p=4": {
        "0.1": 12.84047,
        "0.25": 14.53484,
        "0.5": 0,
        "0.9": 0
    }
}