\phi,L
0.1,2.40625
0.25,2.5953
0.5,2.7242
0.9,2.77578
