\phi,L
0.1,2.31722
0.25,2.68838
0.5,2.78438
0.9,2.78543
