p,\phi,L
2,0.1,8.775
2,0.25,9.9
3,0.1,11
3,0.25,12.21656
4,0.1,12.93906
4,0.25,14.20377
