p,\phi,L
2,0.1,8.7975
2,0.25,10.3021875
3,0.1,10.940625
3,0.25,12.5625
4,0.1,12.84047
4,0.25,14.53484
