p,\phi,L
2,0.1,7.8275
2,0.25,9.88059
3,0.1,9.83094
3,0.25,12.10594
4,0.1,11.67125
4,0.25,14.10093
